{"cameraMode":{"drawMode":0,"name":"Shaded","section":"Shading Mode"},"sceneLighting":true,"audioPlay":false,"sceneViewState":{"m_AlwaysRefresh":false,"showFog":true,"showSkybox":true,"showFlares":true,"showImageEffects":true,"showParticleSystems":true,"showVisualEffectGraphs":true,"m_FxEnabled":true},"in2DMode":false,"pivot":{"x":12.649360656738282,"y":17.062137603759767,"z":-24.275943756103517},"rotation":{"x":0.12045860290527344,"y":-0.7059836983680725,"z":0.12353339046239853,"w":0.6870030164718628},"size":4.378328323364258,"orthographic":false}